codigo,spread_bps,spread_bruto_bps,pu,taxa
AALM12,79.8,79.8,1083.224823,0.7975
AALR13,664.9,664.9,723.399522,6.6489
ABSP12,157.5,157.5,1060.460481,1.5751
ADPA21,232.1,232.1,1069.925825,2.3209
AEGE16,297.9,297.9,1118.30187,2.9795
AEGE17,323.7,323.7,1040.452875,3.2373
AEGP17,164.0,164.0,708.853945,1.6399
AEGP19,168.7,168.7,1065.630826,1.6865
AEGPA4,219.3,219.3,1071.637984,2.1935
AEGPA9,251.7,251.7,1032.102082,2.5174
AEGPB3,230.7,230.7,981.916569,2.3069
AEGPB5,217.2,217.2,1015.920962,2.1719
AEGPB7,227.8,227.8,1089.464928,2.2779
AERI11,,,110.355914,
AERI12,,,159.807243,
AESLA8,46.0,46.0,1030.291958,0.4598
AGAU13,437.0,437.0,1085.340163,4.3701
AGPI11,170.0,170.0,1027.167392,1.7
ALGAA2,105.3,105.3,1026.957558,1.0532
ALGTA5,109.7,109.7,1018.90401,1.0967
ALGTA6,114.0,114.0,1006.084966,1.1396
ALPA22,72.6,72.6,1051.47983,0.7257
ALTF11,100.0,100.0,514.14291,1.0
AMBP16,,,173.438284,
ANHBA5,54.9,54.9,1039.940646,0.5491
ANHBA6,60.1,60.1,1011.247311,0.6014
ANIM15,163.6,163.6,1047.077911,1.6362
ANIM17,171.4,171.4,1039.401965,1.7141
ANIM18,188.4,188.4,1033.377432,1.8842
APPSB2,127.2,127.2,813.03741,1.2721
APRB28,66.8,66.8,425.242846,0.668
ARML13,175.2,175.2,1062.767926,1.752
ARML14,195.6,195.6,1070.57682,1.9559
ARML15,199.0,199.0,1039.89966,1.9905
ARML25,243.1,243.1,1027.49204,2.4313
ARML26,212.6,212.6,1025.699088,2.1259
ARTRA1,118.2,118.2,716.767962,1.1818
ARTRA4,169.9,169.9,1013.933256,1.6988
ARTRA5,167.5,167.5,1074.433764,1.6745
ASAI18,135.0,135.0,1035.376143,1.3504
ASAI19,152.8,152.8,1058.332769,1.528
ASAI22,146.1,146.1,1048.580892,1.4606
ASAI28,160.0,160.0,1035.680473,1.6
ASAIA0,159.0,159.0,1018.125268,1.5904
ASAIA1,161.2,161.2,1055.22396,1.6124
ASAIA2,160.6,160.6,1021.043158,1.6056
ASAIA3,170.0,170.0,1019.488195,1.7
AURE13,83.0,83.0,1044.832052,0.83
AZZA11,122.8,122.8,1063.805075,1.2279
AZZA12,150.3,150.3,995.155918,1.5028
BCBF16,200.1,200.1,702.962588,2.0012
BCPSA4,44.1,44.1,1008.934191,0.4408
BCPSA6,47.2,47.2,1056.51065,0.4721
BKBR19,170.5,170.5,1054.530215,1.7052
BRIT11,79.6,79.6,674.173538,0.7961
BRIT12,105.4,105.4,1033.549053,1.0541
BRKMA6,,,391.483157,
BRKMA8,,,390.711887,
BRKMB6,,,396.270489,
BRKMB8,,,401.646452,
BRKPA0,156.4,156.4,413.547254,1.564
BRKPA2,201.0,201.0,1031.759122,2.0103
BRKPA3,193.2,193.2,1029.171749,1.9316
BRKPA4,194.2,194.2,1049.888186,1.9421
BRMLA1,46.7,46.7,1007.869627,0.4674
BRMLB1,71.6,71.6,1013.219894,0.7157
BRST14,130.0,130.0,1044.717987,1.2997
BSA312,60.4,60.4,10444.774821,0.6039
BSA318,37.8,37.8,1039.325447,0.378
BSA319,52.4,52.4,1020.803017,0.5243
BSA3A0,44.4,44.4,1061.757938,0.444
BTGH18,110.2,110.2,1040.923401,1.1025
CAEC13,152.5,152.5,999.835375,1.5252
CAEC22,127.9,127.9,1051.154586,1.2788
CAEC32,153.2,153.2,1064.818805,1.5321
CAMLA1,124.1,124.1,1055.454772,1.2411
CAMLB1,121.5,121.5,1055.948436,1.2154
CASN13,178.4,178.4,934.564629,1.784
CASN14,216.1,216.1,1006.156465,2.1607
CBAN22,84.0,84.0,887.28305,0.8404
CBOH11,144.0,144.0,1019.704537,1.4396
CBRDA8,2698.2,2698.2,500.224302,26.982
CBRDB8,2347.8,2347.8,794.371761,23.4777
CCROA7,41.3,41.3,1024.534176,0.4135
CDAR11,159.5,159.5,1070.430222,1.5948
CEAB13,107.8,107.8,1026.181851,1.0785
CEAB14,80.6,80.6,1050.031301,0.8063
CEAB22,78.5,78.5,797.486382,0.7855
CEBD14,111.0,111.0,1008.68135,1.1097
CEBD25,85.2,85.2,1047.702756,0.8518
CEEBA3,101.6,101.6,1057.890604,1.0159
CEEBA6,149.9,149.9,1012.732294,1.4991
CEEBA7,85.7,85.7,1048.427028,0.8568
CEEBA8,85.2,85.2,1033.144425,0.8523
CEEBB3,109.5,109.5,1063.858794,1.0949
CEEBB4,94.1,94.1,1073.819764,0.9408
CEEBB8,106.1,106.1,1032.20565,1.0607
CEED16,65.6,65.6,1018.219627,0.6563
CEED18,67.4,67.4,1066.563443,0.6741
CEEDA0,74.4,74.4,1042.867614,0.7437
CEMTE2,51.5,51.5,1041.367804,0.5148
CEPEA1,87.5,87.5,1059.271904,0.8754
CEPEA3,85.7,85.7,1048.431735,0.8566
CEPEA4,76.0,76.0,1078.128981,0.7602
CEPEB1,98.1,98.1,1067.141807,0.9813
CEPEB2,107.8,107.8,1070.697891,1.0776
CERO19,63.4,63.4,1059.738785,0.6338
CEROA2,87.9,87.9,1030.841438,0.8788
CEROB2,101.3,101.3,1032.331355,1.0131
CESE22,89.6,89.6,823.322312,0.8962
CESPA4,78.9,78.9,995.637112,0.7889
CGASA3,50.9,50.9,1037.682524,0.5095
CGBP14,78.4,78.4,1042.409625,0.784
CGOS15,68.5,68.5,1074.77385,0.6854
CGOS17,65.0,65.0,1016.976745,0.6497
CGOS18,65.9,65.9,1078.239118,0.6594
CGOS19,71.7,71.7,1045.533667,0.717
CGOSA1,82.0,82.0,1039.829663,0.8198
CHSF12,59.3,59.3,1060.830868,0.5926
CHSF14,73.2,73.2,1072.475786,0.7318
CHSF24,75.3,75.3,1083.210996,0.7528
CHTH11,52.3,52.3,1025.096912,0.5226
CIEL17,35.3,35.3,1029.779895,0.3532
CIEL18,49.1,49.1,1043.387515,0.4915
CIEL19,38.1,38.1,1047.768453,0.3809
CLCD16,93.4,93.4,1053.171749,0.934
CLCD17,92.0,92.0,1017.06438,0.9205
CLII12,178.8,178.8,1036.895151,1.7884
CLIS11,175.4,175.4,1030.000381,1.754
CLMOA4,75.1,75.1,1044.194974,0.7507
CMGD18,78.6,78.6,1036.272117,0.7865
CMGD19,131.6,131.6,522.422995,1.3161
CMGDA0,50.9,50.9,1009.191033,0.5089
CMGDA1,66.1,66.1,1062.062213,0.6608
CMGDA2,69.0,69.0,1074.635268,0.6895
CMGDA3,55.8,55.8,1055.689917,0.5578
CMGDB3,55.1,55.1,1064.068407,0.5514
CMGTA0,61.0,61.0,1067.558001,0.6103
CMPH14,,,411.377525,
CMTR19,67.5,67.5,691.541888,0.6754
COCEA2,96.9,96.9,1044.150779,0.9687
COGNA4,99.5,99.5,1056.889065,0.9951
COGNA5,78.5,78.5,1011.104864,0.7854
COGNB2,98.4,98.4,1056.26084,0.9835
COLNA3,86.0,86.0,1013.768404,0.8603
COMR16,179.6,179.6,1063.322191,1.7964
CPFGA3,71.1,71.1,1025.237535,0.7106
CPFPA6,55.6,55.6,606.829339,0.5561
CPFPA8,61.6,61.6,1026.331168,0.6163
CPFPB8,70.4,70.4,1025.471646,0.7043
CPGT17,87.9,87.9,529.576006,0.8786
CPGT18,78.8,78.8,1033.537367,0.788
CPGT19,41.1,41.1,1057.083305,0.4106
CPGT29,51.5,51.5,1061.993428,0.5155
CPGTA0,40.8,40.8,1006.802982,0.4082
CPGTB0,75.0,75.0,1004.517756,0.75
CPLD19,48.9,48.9,1042.966512,0.4886
CPLD27,83.0,83.0,1044.964289,0.8305
CPLD38,127.6,127.6,1050.776496,1.2758
CPLDA0,46.6,46.6,1014.435402,0.4662
CPLDB0,57.9,57.9,1015.660616,0.5791
CPREA0,54.9,54.9,1043.314955,0.5495
CPTE12,81.5,81.5,703.456258,0.815
CSAN15,221.2,221.2,1061.25487,2.2123
CSAN18,215.6,215.6,1002.655576,2.1563
CSAN23,227.2,227.2,994.175608,2.2715
CSAN24,215.8,215.8,1038.541173,2.1582
CSANA0,178.5,178.5,1004.714759,1.7847
CSANA1,167.0,167.0,998.821286,1.6697
CSANA2,196.4,196.4,1096.566996,1.9645
CSANB0,223.9,223.9,990.305802,2.2385
CSANB1,191.8,191.8,982.444966,1.9176
CSANB2,209.9,209.9,1094.762208,2.0991
CSANC1,234.4,234.4,966.797488,2.3436
CSANC2,212.3,212.3,1095.905109,2.1229
CSED12,88.8,88.8,1018.68705,0.888
CSMGA7,75.3,75.3,976.662263,0.7535
CSMGA8,99.9,99.9,1033.359688,0.9993
CSMGA9,67.1,67.1,1023.97354,0.671
CSMGB0,60.3,60.3,1002.744385,0.6034
CSMGB6,65.1,65.1,237.978731,0.6509
CSMGD1,59.6,59.6,1012.384194,0.5964
CSNAA1,1470.0,1470.0,837.890991,14.7003
CSNAA2,1313.7,1313.7,915.746461,13.1374
CSRNA2,81.2,81.2,1073.380894,0.812
CTEE19,37.3,37.3,1083.26765,0.3728
CTNS25,105.7,105.7,1031.157591,1.0571
CTNSA2,,,,
CVCB14,380.0,380.0,0.609407,3.7997
DASAA6,152.1,152.1,1055.369132,1.5208
DASAB4,169.3,169.3,1065.255035,1.6927
DASAB5,197.3,197.3,1043.851446,1.9734
DASAC2,249.0,249.0,1069.438608,2.4901
DASAC5,248.0,248.0,1034.363504,2.4803
DXCO13,79.0,79.0,1038.665827,0.7901
EBENA2,41.8,41.8,339.26965,0.4178
EBENA4,61.7,61.7,694.613904,0.6173
EBENA6,43.9,43.9,1078.557092,0.4394
EBENA7,92.9,92.9,1021.103224,0.9291
EBENB1,,,,
EBENC1,,,,
ECOV17,75.6,75.6,1018.436103,0.7564
EDPR13,56.8,56.8,1024.189399,0.5677
EDVP18,37.5,37.5,1012.694131,0.3746
EEELA3,48.5,48.5,1029.644967,0.4853
EESG13,,,,
EGIED1,53.7,53.7,1049.462512,0.5372
EGIED2,42.7,42.7,1239.501571,0.4267
EGIEE1,79.1,79.1,1050.874523,0.7915
EKTR19,88.2,88.2,523.341011,0.8823
EKTR29,101.2,101.2,1057.705116,1.0117
EKTRA0,75.8,75.8,1059.012634,0.758
EKTRA1,94.6,94.6,1020.665382,0.9463
EKTRA3,71.5,71.5,1063.939832,0.7152
EKTRB0,80.4,80.4,1068.269152,0.8037
ELET13,21.7,21.7,1059.810375,0.2171
ELET15,55.7,55.7,1061.765296,0.5574
ELET17,81.0,81.0,1031.217072,0.8095
ELET24,92.5,92.5,1082.357518,0.9249
ELET25,60.9,60.9,1069.637335,0.6094
ELET32,75.2,75.2,1041.666225,0.7516
ELFA12,,,405.381673,
ELPLA6,,,,
ELPLB8,149.1,149.1,1033.039735,1.4914
ELTN16,67.2,67.2,1074.912822,0.672
ELTN19,76.7,76.7,1023.316595,0.7666
ELTN26,75.6,75.6,1083.067139,0.7557
ENERB5,60.6,60.6,1034.354659,0.6059
ENERC3,64.4,64.4,1076.339895,0.6439
ENEV38,90.6,90.6,1036.191941,0.9056
ENEV48,88.9,88.9,1060.665593,0.8889
ENEVA3,74.2,74.2,1033.413444,0.7422
ENEVC0,57.6,57.6,1065.774354,0.5765
ENEVD0,73.7,73.7,1069.841106,0.7367
ENGIA7,47.9,47.9,1065.542357,0.4788
ENGIA8,34.7,34.7,1440.05743,0.3466
ENGIB1,61.3,61.3,1077.236846,0.6131
ENGIB5,50.0,50.0,1064.137538,0.4998
ENGIB7,57.8,57.8,1083.404679,0.5776
ENGIB8,59.1,59.1,1058.407717,0.5913
ENGIC3,77.3,77.3,1000.857354,0.7731
ENGIC4,69.6,69.6,1067.674279,0.696
ENGIC5,58.9,58.9,1085.270926,0.589
ENGIC6,45.0,45.0,1067.73843,0.4497
ENGIC9,60.6,60.6,1089.302026,0.6061
ENGID3,65.1,65.1,1012.795395,0.6509
ENMTA8,60.0,60.0,1057.622932,0.6
ENMTB0,61.7,61.7,1077.114464,0.6173
ENMTB2,64.2,64.2,1033.228076,0.6423
ENMTC2,65.5,65.5,1040.273232,0.6546
ENMTC3,64.8,64.8,1065.557524,0.6485
EQMAA1,65.0,65.0,1048.216464,0.65
EQPA17,65.5,65.5,1015.40443,0.6547
EQPAA0,67.0,67.0,1059.214967,0.6696
EQTL17,55.8,55.8,1071.208695,0.558
ERDVA2,173.4,173.4,1031.458676,1.7336
ERDVA3,165.8,165.8,1061.345332,1.6576
ERDVA6,90.5,90.5,1026.274664,0.9045
ERDVB3,122.2,122.2,1092.315265,1.2222
ESCEA3,41.1,41.1,1009.041041,0.4109
ESCEA6,54.7,54.7,1027.511226,0.5472
ESCEB6,65.7,65.7,1025.896944,0.6572
ESSDA2,61.8,61.8,1077.094071,0.618
EUFA17,121.2,121.2,1070.638249,1.2123
EUFA18,99.1,99.1,1067.974374,0.9909
EUFA19,122.1,122.1,1018.308169,1.2212
FLCLA4,49.5,49.5,1011.558812,0.4945
FLCLB1,31.3,31.3,1031.722156,0.3133
FLRY17,31.0,31.0,1064.052775,0.31
FLRY18,59.8,59.8,1063.774798,0.5978
FLRY19,51.0,51.0,1040.057923,0.5105
FLRY25,65.0,65.0,690.13546,0.65
FLRY27,77.5,77.5,1073.881102,0.7747
FLRY29,62.1,62.1,1041.238394,0.6209
FLRY36,45.6,45.6,1047.074647,0.4558
FLRYA0,52.4,52.4,1048.192278,0.5237
FLRYB0,65.3,65.3,1046.54193,0.6528
GGBRA7,49.5,49.5,1036.785686,0.4945
GGBRA8,43.8,43.8,1031.052367,0.4375
GGBRA9,55.9,55.9,1036.277233,0.5587
GRRB14,53.2,53.2,5084.458997,0.5316
GSHC15,117.1,117.1,1063.830108,1.1705
GSHC17,203.6,203.6,1076.91482,2.0362
GSTS13,198.6,198.6,356.169331,1.9856
GUAR17,96.2,96.2,1045.530841,0.9619
HAPV15,414.5,414.5,954.82016,4.1452
HAPV17,400.9,400.9,971.991006,4.0089
HAPV18,428.7,428.7,936.975534,4.2874
HAPV19,414.4,414.4,918.579411,4.1445
HAPV28,427.4,427.4,930.225192,4.274
HAPVA0,408.7,408.7,924.39108,4.087
HBSA12,131.7,131.7,1022.363905,1.3173
HBSA14,51.8,51.8,1028.584276,0.5184
HBSA22,140.0,140.0,1036.028229,1.4
HGLB13,265.0,265.0,1075.874032,2.65
HYPEA4,80.0,80.0,206.216579,0.8
HYPEA5,119.8,119.8,1068.647613,1.1982
HYPEA6,71.6,71.6,1069.760007,0.7163
HYPEA7,72.1,72.1,1041.049427,0.7206
HYPEA8,77.6,77.6,1047.750741,0.7763
HYPEA9,81.4,81.4,1018.370716,0.8137
HYPEB1,80.7,80.7,1028.847388,0.8067
HYPEC0,83.3,83.3,1000.284316,0.8331
IGSN14,146.1,146.1,67.006318,1.4611
IGTAA3,83.6,83.6,1050.315734,0.8364
IGTAB0,33.7,33.7,1089.880208,0.3371
IGTAB1,69.7,69.7,1040.902144,0.6965
INEL12,119.6,119.6,1050.840471,1.1958
IOCHA3,113.3,113.3,1074.612229,1.133
IOCHA4,98.6,98.6,1064.652051,0.9858
IOCHA5,120.0,120.0,1017.167339,1.1997
IOCHA6,109.9,109.9,1044.572575,1.0995
ISAED1,73.0,73.0,1014.515138,0.7297
ISPE12,236.1,236.1,1213.154593,2.3606
ISPE13,236.1,236.1,1148.504278,2.3614
ITSA17,63.3,63.3,1103.042538,0.6335
ITSA18,61.5,61.5,1066.310668,0.6153
JHSFA1,110.6,110.6,454.89061,1.1062
JHSFA3,107.2,107.2,927.235269,1.0718
JSLGA5,265.0,265.0,1059.53361,2.6499
JSMLA5,563.5,563.5,959.826644,5.635
JSMLB3,203.0,203.0,521.018014,2.0304
KLAS12,261.1,261.1,200.836198,2.6112
KRSA11,1119.1,1119.1,995.357034,11.1912
KRSA12,4265.0,4265.0,548.248722,42.6497
LCAMC2,160.0,160.0,1067.959439,1.6
LMTP17,195.0,195.0,1041.909864,1.95
LMTP18,156.9,156.9,1035.246171,1.5686
LMTP26,140.0,140.0,1070.730925,1.3997
LMTPA0,152.8,152.8,1062.214243,1.5278
LMTPA1,160.7,160.7,1013.57364,1.6065
LMTPA2,135.0,135.0,1064.829263,1.35
LMTPB1,204.6,204.6,1005.102568,2.0456
LMTPB2,144.5,144.5,1068.729584,1.445
LOGGB1,105.2,105.2,255.895789,1.0519
LORTB2,147.7,147.7,1043.540056,1.4765
LORTB9,146.2,146.2,1013.414869,1.4619
LVTC12,203.5,203.5,619.955809,2.0352
LVTC22,447.6,447.6,782.049536,4.4765
MATD12,100.0,100.0,1038.455923,0.9996
MDRO18,249.6,249.6,1032.68481,2.4957
MEAL14,501.8,501.8,669.563483,5.0178
MGLUA0,200.0,200.0,525.434534,2.0003
MILS18,87.0,87.0,1046.289027,0.8695
MILS19,87.7,87.7,1036.360051,0.8766
MILS29,100.3,100.3,1041.796451,1.0032
MILSA1,82.3,82.3,1004.779123,0.8232
MILSB0,80.0,80.0,1058.652105,0.8
MNLT11,72.1,72.1,1063.832782,0.7213
MNRVA1,164.6,164.6,1056.545652,1.6456
MOTVA8,49.8,49.8,1041.610688,0.4975
MOVI17,230.8,230.8,539.227513,2.308
MOVI27,331.4,331.4,1068.633744,3.3145
MOVI34,206.9,206.9,674.608801,2.069
MOVIA2,183.8,183.8,530.155278,1.8379
MOVIA3,272.3,272.3,1077.492535,2.7232
MRFGA1,105.0,105.0,1050.043446,1.0502
MTRO12,51.4,51.4,340.975842,0.5138
MULPA0,71.0,71.0,1064.407393,0.7095
MULPB1,71.0,71.0,1024.325243,0.7104
MULTA5,48.2,48.2,1055.337467,0.4822
MULTB5,65.6,65.6,1061.00998,0.6557
MVLV19,268.7,268.7,1068.274316,2.687
MVLVA1,281.1,281.1,686.69892,2.8112
MVLVA3,230.9,230.9,1008.373918,2.3093
NATUA3,144.8,144.8,1022.433308,1.448
NIGP12,104.6,104.6,1099.872317,1.046
NTSD16,79.2,79.2,1013.242049,0.7919
NTSD17,52.7,52.7,1030.963714,0.5273
NTSD18,74.8,74.8,1039.291893,0.7478
NTSD25,106.8,106.8,805.53402,1.068
NTSD26,87.4,87.4,1021.175065,0.874
NTSD35,90.7,90.7,1108.922365,0.907
NTSD36,100.8,100.8,1035.128323,1.0077
NTSDA0,82.7,82.7,1002.919924,0.8272
OMGE13,110.7,110.7,838.595909,1.1074
OMGE15,145.1,145.1,1035.390639,1.4511
OMGE16,107.0,107.0,1071.632753,1.0705
OMGE21,57.2,57.2,625.678495,0.5721
OMGE26,113.3,113.3,1073.940267,1.1333
ONCO19,,,748.404431,
ONCO29,,,759.897544,
ONCOA1,,,781.238856,
OPCT15,128.8,128.8,861.82598,1.2884
OPCT16,146.3,146.3,1027.195347,1.4628
OPCT17,151.5,151.5,1025.020787,1.5147
ORMA16,129.6,129.6,1074.652744,1.2961
ORMA17,140.0,140.0,1027.064194,1.4001
OVSA10,167.0,167.0,515.221868,1.67
OVSAA3,194.9,194.9,709.945765,1.9493
OVSAA8,229.4,229.4,1043.437209,2.2937
OVSAA9,221.8,221.8,1051.121223,2.2177
OVSAB0,200.3,200.3,1049.62222,2.0032
OZNH11,187.1,187.1,1021.142748,1.8705
PALFA4,42.7,42.7,516.156262,0.4273
PALFA5,51.0,51.0,1029.021409,0.5099
PALFA6,52.1,52.1,1004.82018,0.5211
PALFA8,30.0,30.0,1017.607614,0.3
PASS12,105.0,105.0,1064.622169,1.05
PASS13,75.9,75.9,1077.006536,0.7593
PASS14,65.4,65.4,1033.876491,0.6544
PEJA21,108.2,108.2,1016.246476,1.0824
PFOR15,141.0,141.0,995.895099,1.41
PFOR16,141.1,141.1,1017.761508,1.4107
PFOR25,156.1,156.1,993.558606,1.561
PFOR26,158.9,158.9,1017.178658,1.5888
PGMN26,141.3,141.3,1064.036035,1.4129
PLSB2A,116.2,116.2,955.937915,1.1622
PRLG17,95.0,95.0,1065.364652,0.9497
PSAN13,215.0,215.0,1076.621559,2.15
PSAN23,215.9,215.9,1091.028679,2.1589
QUAL16,242.2,242.2,515.729529,2.4218
QUAL17,297.3,297.3,904.187967,2.973
QUAL18,328.0,328.0,1043.287448,3.2798
QUNT11,68.9,68.9,1050.721028,0.6893
QYAN11,70.6,70.6,1050.774804,0.7061
RADL15,76.1,76.1,1027.588032,0.7613
RADL19,69.6,69.6,1048.61335,0.696
RADLA0,57.1,57.1,1054.298636,0.5709
RADLA1,61.2,61.2,1034.228316,0.6124
RAIZ14,,,482.789121,
RDORA5,119.9,119.9,1094.200995,1.1989
RDORB3,108.5,108.5,1073.91086,1.0845
RDORB5,120.3,120.3,1089.900137,1.2035
RDORB9,98.4,98.4,1033.227588,0.984
RDORC3,108.1,108.1,1074.02784,1.0815
RDORC4,46.5,46.5,1069.400215,0.4653
RDORC7,56.5,56.5,1029.885652,0.5653
RDORC9,98.6,98.6,1033.168065,0.9857
RDORD3,122.4,122.4,1071.540633,1.2235
RDORD4,98.3,98.3,1073.553119,0.9833
RDORD7,108.0,108.0,1019.37999,1.08
RDORD9,141.8,141.8,1040.683385,1.4183
RDORE4,122.3,122.3,1073.787211,1.223
RDORF1,128.5,128.5,1012.920831,1.285
RDORF8,121.9,121.9,1035.290341,1.2194
RDORG6,118.1,118.1,993.779722,1.1806
RDORG9,115.0,115.0,1029.228357,1.15
RDORH6,123.5,123.5,997.412102,1.2352
RDORI6,135.3,135.3,1014.155083,1.3532
RECV12,79.4,79.4,1064.489802,0.794
RECV13,100.8,100.8,1024.594475,1.0085
RENTA5,134.1,134.1,1049.126349,1.3407
RENTC4,127.0,127.0,1053.007933,1.2697
RENTC8,131.6,131.6,1094.486246,1.3157
RENTD0,117.1,117.1,1044.291482,1.171
RENTD5,118.8,118.8,1075.363212,1.1876
RENTD9,125.4,125.4,1076.347977,1.2537
RENTE2,122.0,122.0,1038.405469,1.2195
RENTE3,118.3,118.3,1015.64248,1.1831
RENTE4,120.2,120.2,1012.899509,1.2023
RENTE5,128.3,128.3,1076.029779,1.2831
RENTE9,150.0,150.0,1088.176203,1.5
RENTF2,135.0,135.0,1041.700456,1.3503
RHOL11,297.4,297.4,1400.881173,2.9744
RIPR13,88.3,88.3,1026.96883,0.8835
RNDNA0,117.8,117.8,1049.903278,1.1777
RNDNA1,125.3,125.3,1037.643762,1.2533
RNDNB0,125.1,125.1,1057.088409,1.2506
RNDNB2,182.6,182.6,980.692592,1.8263
RODB11,228.2,228.2,1548.040794,2.2817
RRRP14,191.1,191.1,1025.075635,1.9111
RSAN15,214.6,214.6,1038.31847,2.1457
RSAN25,204.4,204.4,1056.375316,2.044
SAEL26,31.9,31.9,1031.70506,0.3192
SAELA4,63.9,63.9,1076.494156,0.6386
SAPRA1,125.4,125.4,535.82781,1.2536
SAPRB1,59.8,59.8,509.180239,0.5978
SAPRB4,71.9,71.9,1026.445384,0.7194
SAPRC1,138.6,138.6,1067.634835,1.3862
SBFC13,87.7,87.7,706.534483,0.8774
SBSPA1,43.6,43.6,1003.07715,0.4363
SBSPB1,57.3,57.3,1020.153103,0.5728
SBSPC1,66.5,66.5,1032.085448,0.6648
SBSPC3,29.8,29.8,696.383124,0.2982
SBSPD2,25.0,25.0,1067.162595,0.2498
SBSPD3,51.5,51.5,1015.337555,0.5149
SBSPD7,65.9,65.9,1041.485255,0.6588
SBSPE7,72.2,72.2,1050.213911,0.7215
SBSPF8,103.4,103.4,1026.249793,1.0341
SBSPH0,102.1,102.1,1083.356433,1.0211
SIMH16,568.0,568.0,961.154843,5.68
SMFT18,142.3,142.3,1073.105062,1.4229
SMFT19,90.1,90.1,1069.653844,0.9006
SMFT29,100.9,100.9,1079.010987,1.009
SMFTA0,66.2,66.2,1025.743354,0.6616
SMFTA1,72.7,72.7,1051.733347,0.7272
SMFTA2,74.6,74.6,1067.986787,0.746
SMFTA3,78.1,78.1,1039.862424,0.7806
SMFTB3,104.6,104.6,1031.063192,1.0457
SMFTC3,110.5,110.5,1039.53647,1.1047
SNGO10,36.0,36.0,449.145481,0.3601
SNGO19,24.2,24.2,168.166901,0.2419
SNGOA1,37.2,37.2,852.264129,0.3716
SNGOA2,45.7,45.7,1008.628717,0.4567
SNGOA3,50.2,50.2,1006.183761,0.502
STBP15,67.8,67.8,999.212437,0.6777
STBP24,48.4,48.4,531.892653,0.4838
STBP25,67.0,67.0,1004.004123,0.6705
SUMI15,1422.2,1422.2,701.817587,14.2216
SUMI39,623.6,623.6,962.296405,6.2359
SUZBA1,52.3,52.3,1051.344397,0.5226
SUZBB1,58.6,58.6,1061.113389,0.586
SVEA14,222.1,222.1,1076.167749,2.2215
SVEA15,210.5,210.5,1034.010006,2.105
SVEA16,249.0,249.0,1013.492338,2.4904
TAEEA1,43.7,43.7,1067.169568,0.437
TAEEA5,54.5,54.5,1068.838409,0.5452
TAEEA6,51.8,51.8,1067.479758,0.5183
TAEEC1,25.7,25.7,341.973285,0.2571
TBSP12,57.1,57.1,1016.223485,0.5706
TBSP13,25.7,25.7,1025.354801,0.2566
TBSP22,65.0,65.0,1020.676114,0.65
TEPA14,340.0,340.0,1033.443128,3.4
TFLE19,115.6,115.6,1040.952563,1.1557
TFLEA3,126.3,126.3,1041.194385,1.263
TFLEA4,132.1,132.1,1025.534083,1.3205
TFLEA6,125.0,125.0,1038.047444,1.2498
TFLEA7,116.5,116.5,1012.776937,1.1648
TFLEA8,119.9,119.9,1026.116029,1.1986
TFLEA9,120.5,120.5,1071.593644,1.2047
TFLEB5,117.8,117.8,1057.328618,1.1775
TFLEC0,122.5,122.5,1054.18468,1.2247
TFLED0,128.2,128.2,1059.692417,1.2823
TIET19,55.0,55.0,1070.75056,0.5498
TIGR12,172.0,172.0,1016.124737,1.7196
TIGR21,125.5,125.5,1054.100226,1.2549
TLPP27,72.4,72.4,1026.301815,0.7238
TRES11,120.7,120.7,1086.445141,1.2068
TRPLA3,87.3,87.3,1090.819973,0.8734
TRPLA5,69.9,69.9,1067.917093,0.699
TRPLA6,84.5,84.5,1036.38636,0.8449
TRPLB5,71.5,71.5,1070.4177,0.7154
TRPLC5,75.2,75.2,1078.512185,0.752
TSSG13,46.2,46.2,1040.01898,0.4625
TSSG14,47.5,47.5,1118.655859,0.4746
TUPW11,402.0,402.0,1013.520748,4.0198
TUPY15,204.6,204.6,982.64323,2.0457
TUPY25,293.2,293.2,947.459589,2.9323
TUPY35,280.3,280.3,941.880163,2.8034
UNIP18,111.5,111.5,1088.066718,1.1148
UNIP19,96.7,96.7,1068.062636,0.967
UNIP29,105.0,105.0,1078.797428,1.0496
UNIP39,112.1,112.1,1100.938101,1.1209
UNIPA0,105.0,105.0,1012.790288,1.05
UNIPB0,120.9,120.9,1022.413749,1.2094
UNIPC0,123.8,123.8,1091.775869,1.2381
UQFN14,85.0,85.0,99.79817,0.85
UQFN15,187.8,187.8,1010.570315,1.8775
USIM28,145.6,145.6,1045.329033,1.4565
USIM29,155.8,155.8,1035.012076,1.5583
USIM39,167.0,167.0,1044.43959,1.6704
USIMA0,160.0,160.0,1060.282482,1.6001
USIMB0,160.2,160.2,1064.335947,1.6024
VAMO13,345.6,345.6,1009.240084,3.456
VAMO14,450.9,450.9,1030.434689,4.5092
VAMO17,353.3,353.3,1015.763811,3.5332
VAMO22,205.1,205.1,333.882732,2.0515
VAMO23,471.2,471.2,972.636309,4.7117
VAMO24,443.0,443.0,1008.85541,4.4297
VAMOA0,459.1,459.1,956.07313,4.5915
VBBR14,88.3,88.3,1053.107616,0.8827
VBBR15,99.7,99.7,1074.644756,0.9971
VBBR16,107.4,107.4,1059.110952,1.0739
VBBR17,110.0,110.0,1031.994929,1.1
VBBR18,105.2,105.2,1019.086147,1.0516
VBBR24,112.8,112.8,1065.368989,1.1275
VBBR26,120.3,120.3,1062.139042,1.2035
VEBMA4,120.2,120.2,661.139411,1.2022
VEBMA6,116.1,116.1,1038.13229,1.1608
VEBMA8,67.2,67.2,1052.68202,0.6717
VEBMA9,78.1,78.1,1033.781529,0.7815
VERO14,239.7,239.7,1040.960664,2.3972
VIVA11,71.2,71.2,1070.323271,0.7115
VIXL14,79.7,79.7,358.954555,0.7968
VIXL15,83.6,83.6,531.032857,0.8357
VIXL18,115.9,115.9,1054.525715,1.1588
VIXL19,149.4,149.4,1043.884679,1.4941
VIXL25,96.8,96.8,1077.45947,0.9676
VIXL26,97.1,97.1,1055.605989,0.9707
VIXL35,88.5,88.5,530.869861,0.8852
VIXL45,107.2,107.2,1075.868874,1.0724
VLIDA0,104.8,104.8,1067.899103,1.0482
VLIDA1,108.4,108.4,1024.395829,1.084
VLME11,,,769.155648,
VLME12,,,866.29715,
VVEO15,,,507.017326,
VVEO16,,,530.201603,
WIZC12,163.3,163.3,1017.192044,1.6331
YDUQ17,62.1,62.1,1036.87817,0.6212
YDUQ18,78.6,78.6,1066.094775,0.7857
YDUQA0,72.0,72.0,1069.385962,0.7204
YDUQA1,83.2,83.2,1043.447372,0.832
YDUQA2,77.6,77.6,1022.248838,0.7765
BHIAA0,,,0.293879,
BHIAC0,,,0.288266,
CEEBB2,63.3,63.3,5265.124332,104.551
CEPE20,102.7,102.7,5286.533298,107.3895
HAPV21,295.2,295.2,506.578084,121.2386
KLBNA2,42.7,42.7,10960.225792,103.0755
MULP17,38.2,38.2,5249.139296,102.7502
RADL14,55.1,55.1,1030.37191,103.9638
SAPR29,62.7,62.7,10310.743585,104.5099
TAEE16,37.6,37.6,1042.283786,102.7036
UNDAC3,104.3,104.3,1071.251769,107.5005
CVRDA6,,,42.269275,
ACRC21,221.0,77.6,1142.852254,8.1293
AEAB11,76.5,-45.0,1219.29501,6.8813
AESLA5,25.4,-91.2,1107.118562,6.6107
AESLA7,38.6,-79.7,1068.503935,6.7032
AESLA9,37.5,-80.6,1053.8942,6.694
AESLB0,45.1,-72.0,1053.54604,6.6334
AESLB7,58.9,-59.9,1056.21142,6.7317
AESOA1,50.4,-69.7,1095.090339,6.8034
AGEO15,85.5,-37.6,1077.050396,6.9773
AGIZ11,144.3,12.7,1066.238449,7.4576
AGVF12,107.9,-29.8,752.679359,7.8024
AHGD13,210.0,66.0,1.006752,8.16
ALGAB1,163.7,24.9,1156.023697,7.8676
ALGAC2,163.9,25.7,1127.06291,7.8298
ALGE16,45.8,-73.9,1017.129114,6.7843
ALGTA4,157.2,20.8,1049.808677,7.7308
ALIG12,28.6,-92.2,728.31505,6.8449
ALIG13,52.0,-69.4,848.08239,6.8788
ALIG15,39.8,-79.8,1011.06489,6.7749
ALUP18,33.9,-83.7,1074.692076,6.6631
ANET11,307.9,140.2,688.794734,9.5021
ANET12,320.5,158.2,1177.071562,9.1992
ANHBB6,37.4,-78.5,1055.718381,6.5681
APFD19,48.5,-73.0,1183.957366,6.887
APPSA2,84.2,-42.7,1111.350101,7.1919
APPT11,287.6,134.1,1033.9512,8.6946
APRB18,133.6,-0.7,1271.697768,7.61
ARTR19,185.0,35.8,1350.396521,8.4576
ARTRA7,164.1,27.0,1036.684607,7.7701
ARTRA8,166.9,28.3,1056.83099,7.855
ASAB11,504.1,314.2,764.576441,10.7608
ASCP13,50.1,-73.9,1037.181813,7.0273
ASCP23,79.6,-45.2,1232.169555,7.0716
ASER12,550.4,357.5,998.623558,10.9286
ASSR21,175.8,39.1,907.046758,7.7446
ATHT11,210.0,66.0,1.006752,8.16
ATII12,211.3,67.1,1.006173,8.171
AURE12,48.8,-71.0,1075.286941,6.79
AURP12,44.0,-75.1,1095.895384,6.7488
AURP13,59.8,-59.2,1034.793814,6.7392
BARU11,119.1,-8.7,1250.720514,7.2435
BCPSA5,-24.8,-135.3,1096.879352,6.2638
BCPSA7,36.5,-79.2,1038.684667,6.5609
BHSA11,78.5,-43.3,1103.379992,6.8981
BION17,383.8,211.9,1066.226629,9.7382
BLMN12,36.2,-85.7,1102.845683,6.9091
BRFS31,321.0,122.2,,11.2639
BRKP28,145.2,10.6,1270.621754,7.6287
BRST11,59.9,-70.6,944.197085,7.3944
BRST15,139.5,5.0,1038.386039,7.6227
BTCL12,428.3,251.6,1080.707273,10.0157
BTEL23,194.9,52.1,1059.421625,8.0933
BTEL33,226.3,79.9,1060.984093,8.2989
CAEC12,82.6,-40.1,1174.584148,6.9522
CAJS11,113.6,-15.9,1090.636605,7.3407
CAJS12,60.5,-62.2,1062.65132,6.9504
CART13,85.3,-41.0,11833.126156,7.1619
CASN23,161.3,22.9,1218.558032,7.846
CASN24,167.4,28.0,1131.422579,7.8973
CASN34,185.1,43.7,1190.872325,8.0096
CBAN12,43.7,-76.5,1439.206241,6.8076
CBAN32,41.7,-78.1,1459.284686,6.7913
CBAN52,55.3,-66.6,1452.211769,6.9064
CBAN72,54.2,-67.5,1452.787514,6.897
CCLS11,183.7,42.5,1185.286386,7.9976
CCPV11,31.6,-87.4,1150.357539,6.745
CCROA5,33.9,-84.1,945.608559,6.6825
CCROB4,21.5,-103.2,782.241697,7.0677
CCROB6,35.7,-82.2,1201.143757,6.6783
CDES11,76.8,-45.0,1146.482535,6.9035
CEAD11,155.9,16.0,792.267064,7.9267
CEAL12,75.4,-46.2,1046.844318,6.8911
CEAL21,60.0,-61.8,1158.404131,6.9048
CEAM11,181.8,44.6,99.949941,7.7769
CEAP12,47.3,-74.0,1109.635104,6.8786
CEAP14,53.9,-67.0,1109.454488,6.8532
CEAP17,81.4,-41.1,1133.395487,6.942
CEAP19,76.3,-45.5,1042.687628,6.8987
CEEBB6,30.5,-88.3,1098.43516,6.7355
CEEBB7,37.2,-81.2,1085.587287,6.7109
CEEBC3,33.7,-85.7,1224.622802,6.7622
CEEBC4,33.1,-85.5,1180.808124,6.7176
CEEBD2,49.0,-68.6,998.046298,6.6673
CEED12,32.4,-86.7,1183.865439,6.7501
CEED13,40.6,-79.8,1111.567946,6.821
CEED15,83.8,-39.1,1064.778967,6.9624
CEED17,80.0,-42.3,1076.126801,6.9304
CEED19,75.9,-45.8,1042.931385,6.8952
CEED21,43.0,-77.7,1228.838719,6.8405
CEPEA7,54.8,-61.3,1068.161386,6.5786
CEPEB3,38.7,-80.0,1084.891237,6.7234
CEPEB7,61.9,-55.3,1024.854339,6.6384
CEPEC1,32.1,-87.0,1227.911749,6.7494
CEPEC2,31.6,-86.7,1181.392358,6.7054
CEROA4,54.4,-64.1,1070.266987,6.7127
CEROB4,64.1,-53.4,1075.029652,6.6575
CERR18,289.1,133.2,1037.643249,8.8325
CERT11,32.1,-87.0,1165.790085,6.7475
CESE32,31.2,-87.8,1175.867264,6.7413
CESPA2,27.9,-90.5,1293.372191,6.7117
CESPA3,44.8,-74.5,1071.003297,6.7555
CGASA1,68.6,-52.0,1046.668657,6.8336
CGASA2,57.1,-61.4,1100.714149,6.7166
CGASA4,63.9,-55.6,1038.562563,6.7745
CGASB1,70.0,-50.5,1044.413718,6.8262
CGASB4,67.5,-50.5,1027.049388,6.6859
CGEE13,426.5,250.1,974.361962,10.0005
CGEE23,458.4,277.2,959.645082,10.2718
CGMG18,17.1,-99.7,1049.863254,6.62
CGOS13,49.5,-72.2,1155.744584,6.8968
CGOS16,74.6,-46.8,1065.660748,6.8849
CGOS24,50.4,-71.4,1114.409219,6.9046
CGOS28,74.1,-47.3,1079.279535,6.8804
CGOS34,58.0,-63.2,1122.203828,6.868
CGOSA0,79.9,-42.4,1044.102507,6.9297
CGOSB0,73.8,-47.6,1047.812666,6.8775
CHSF13,16.7,-99.4,1095.48216,6.5786
CJEN13,75.7,-49.2,1223.126536,7.0803
CLAG13,131.5,-9.7,1245.281448,8.0029
CLAG15,183.7,43.3,1011.684077,7.956
CLCD26,9.8,-105.9,1124.067395,6.5579
CLCD27,56.2,-64.8,1082.791531,6.8524
CLIS13,132.7,-0.1,1096.322484,7.5226
CLNG11,59.0,-100.5,455.744677,9.0366
CLTM14,115.4,-14.4,1085.590686,7.3562
CMGD27,98.8,-66.6,708.02775,9.375
CMGD28,13.0,-105.4,1152.511258,6.712
CMGDA4,47.1,-69.9,1038.985905,6.6315
CMGDB0,28.0,-88.7,1058.743541,6.6131
CMGDB1,51.8,-66.3,1087.659892,6.6903
CMGDB2,60.3,-58.7,1134.68248,6.7434
CMGDB4,57.2,-59.3,1031.647098,6.5984
CMGTA1,47.3,-69.7,1038.844813,6.6334
CMGTB1,58.0,-58.6,1031.017816,6.6056
CMIN11,800.4,566.7,899.749128,13.2398
CMIN12,814.0,579.0,865.870381,13.3135
CMIN21,782.4,554.8,781.78166,12.9012
CMIN22,818.1,585.1,786.177911,13.2044
CMTR29,7.9,-107.5,1211.093511,6.5418
CNRD12,171.0,35.0,1026.345927,7.7036
COCE18,172.9,33.4,1101.924601,7.9065
COCEB2,177.8,36.8,1038.937563,7.9871
COMR14,183.8,43.4,1081.327041,7.9572
COMR15,181.5,41.8,985.209341,7.9175
COMT11,31.3,-87.7,1034.66634,6.7418
CONF11,178.9,41.8,1140.886204,7.7714
CONX12,509.1,316.2,1103.229567,10.9285
CPFGA2,16.9,-99.9,1156.865039,6.6199
CPFPA2,40.5,-79.9,1205.119966,6.82
CPFPA5,27.4,-89.5,1106.162937,6.6278
CPFPA7,45.1,-74.2,1072.433212,6.758
CPFPA9,41.2,-77.5,1098.860256,6.7254
CPFPB0,41.0,-77.7,1052.0749,6.7233
CPFPB1,59.6,-59.7,1045.722567,6.7568
CPFPB7,52.7,-65.2,1070.493528,6.6791
CPGT27,23.3,-94.5,1217.018431,6.6741
CPGT28,32.8,-84.7,1165.736642,6.6534
CPGTA1,45.2,-71.9,1046.194522,6.6344
CPGTC0,37.9,-78.0,1096.38819,6.5729
CPIS13,73.7,-47.6,1091.390048,6.8771
CPIS14,77.8,-44.2,1045.394066,6.9115
CPIS15,80.1,-42.2,1060.131095,6.9315
CPLD15,28.9,-97.0,925.551522,7.1305
CPLD26,21.3,-96.2,1214.145862,6.6574
CPLD29,33.1,-84.4,1069.685786,6.6561
CPLD37,13.1,-102.4,1160.073387,6.548
CPLDA1,44.7,-72.3,1046.475025,6.6304
CPLDC0,34.5,-81.0,1051.805116,6.5436
CRCF12,135.3,5.1,1208.403837,7.3817
CRMG15,56.8,-66.0,916.691142,6.9575
CRNP13,110.0,-14.4,1152.163783,7.0473
CRTA12,169.1,33.8,1071.683665,7.6685
CRTR12,135.2,4.6,1063.303258,7.3993
CSAN33,365.3,196.2,1112.651155,9.5809
CSMGA6,24.0,-93.9,930.149386,6.6787
CSMGB4,220.4,36.7,176.753277,10.4086
CSMGB8,173.2,30.7,1103.237652,8.0737
CSMGB9,248.2,96.7,1028.113375,8.5861
CSMGC0,209.5,64.5,1022.60305,8.2176
CSMGE1,217.0,70.9,1021.259195,8.2811
CSNAA4,704.2,484.2,914.030879,12.4615
CSNAA5,892.9,646.1,777.67412,13.9842
CSNAA6,814.1,579.5,781.312514,13.295
CSNAB4,740.7,516.8,854.619945,12.691
CSNAB5,850.7,613.2,707.412467,13.4624
CSNAB6,670.7,460.1,796.787874,11.9321
CSNAC4,878.4,636.3,713.288445,13.7167
CSNP12,99.8,-29.4,1276.899483,7.3231
CSRN19,106.3,-60.3,1439.814672,9.4388
CSRN29,22.9,-97.1,1388.953042,6.7958
CSRNA1,24.7,-95.5,1121.566589,6.8116
CSRNB2,47.1,-72.5,1070.61281,6.7753
CSRNC0,36.2,-83.5,1156.878569,6.7819
CTEE18,17.3,-99.6,1312.927712,6.6216
CTEE1B,20.2,-96.4,1222.524863,6.6081
CTEE29,41.5,-75.1,1047.137874,6.6028
CTEE2B,59.8,-59.2,1180.753183,6.7392
CTGE11,32.4,-94.0,,7.1602
CTGE13,15.0,-101.5,1378.591876,6.6024
CTGE15,15.7,-100.2,1094.293525,6.5702
CTNSA3,53.3,-67.2,1068.36029,6.8282
CTRR11,75.8,-49.8,728.306695,7.1191
CUTI11,32.8,-86.4,870.337743,6.7537
CXER12,196.1,45.2,559.252661,8.552
CYAR11,181.5,44.3,99.963165,7.7736
DESK17,177.7,36.8,1066.110054,7.9869
DESK18,183.1,42.1,1030.771532,7.9932
DESK19,194.0,51.3,1038.270531,8.0857
EBAS13,190.4,47.5,1152.51553,8.0942
EBENA8,86.6,-36.7,1086.312232,6.9862
ECER12,69.1,-62.8,1274.439733,7.4722
ECHP11,64.3,-61.8,1146.355975,7.1484
ECHP12,63.9,-62.1,870.166096,7.145
ECHP22,61.6,-64.1,870.447326,7.1252
ECOV16,82.6,-43.3,1039.783617,7.139
ECPN11,324.5,162.2,1028.608365,9.1945
ECRD14,123.0,-3.3,1198.279814,7.1584
EDFT11,185.3,47.2,1134.265865,7.8253
EDPA11,85.2,-37.9,1457.407667,6.9748
EDPT11,113.0,-18.2,871.774254,7.4367
EDTE12,24.2,-96.0,1075.51062,6.8068
EDVP17,36.2,-82.8,1186.173868,6.7445
EEELA0,26.2,-90.6,1106.766361,6.617
EEELA1,37.3,-80.8,1066.137294,6.6917
EEELA4,37.7,-80.4,1100.73524,6.6958
EEELB1,57.0,-61.5,1052.982961,6.7158
EGIE19,59.4,-100.2,714.536883,9.0398
EGIE27,25.4,-99.9,1505.501072,7.1013
EGIE29,20.8,-98.8,1371.977273,6.7785
EGIE39,64.8,-95.6,700.92756,9.0858
EGIE49,21.0,-98.6,1338.327638,6.7802
EGIEA0,52.4,-63.3,1090.142135,6.5583
EGIEA1,36.1,-81.8,1078.68466,6.6816
EGIEB1,52.3,-65.5,1069.364788,6.6761
EGIEB2,37.3,-80.8,1127.590067,6.6922
EGIEB4,-6.6,-119.2,1161.073313,6.3805
EGIEB5,37.4,-78.5,1079.130371,6.5682
EGVG11,88.3,-41.5,537.67682,7.3516
EGVG21,81.5,-47.2,537.845231,7.294
EKTRA6,60.9,-56.1,1066.801512,6.6304
EKTRB3,51.5,-68.7,1070.198868,6.8127
EKTRB6,58.7,-58.0,1029.083165,6.6112
EKTRC0,34.2,-85.2,1221.700608,6.7669
EKTRC1,25.5,-92.6,1159.469069,6.6913
EKTT11,51.9,-68.4,1174.631487,6.8159
ELDC15,176.0,37.1,1032.094953,7.8707
ELET14,19.1,-98.0,1129.549529,6.6389
ELET16,40.4,-75.9,1113.013778,6.5941
ELET23,15.3,-100.6,1239.66344,6.5663
ELET42,14.6,-104.1,1404.628882,6.7258
ELPLA5,497.3,308.4,1064.233587,10.703
ELPLA7,498.7,310.3,995.354851,10.6754
ELPLB4,278.9,86.4,1421.677255,10.9059
ELPLC8,303.0,143.3,1059.192074,9.0505
ELTE12,39.1,-79.2,967.947347,6.7077
ELTN15,16.3,-99.7,1094.075247,6.5751
ELTN27,23.0,-93.3,1061.028509,6.5901
ELTN37,34.1,-81.3,1069.897495,6.54
ENAT11,152.8,13.3,1213.36151,7.8999
ENAT12,159.1,18.8,1125.599518,7.9539
ENAT13,175.6,34.9,1092.814999,7.9685
ENAT14,137.0,2.2,1104.445441,7.6408
ENAT24,172.0,33.4,1112.605918,7.8567
ENAT33,172.2,33.5,1112.555309,7.8582
ENERA1,37.7,-82.3,1067.940399,6.7962
ENERB4,59.3,-59.9,1072.378617,6.7545
ENERB7,59.7,-59.6,1065.332981,6.7576
ENERC7,64.4,-53.1,1070.096608,6.6602
ENEV13,31.4,-94.8,915.540284,7.1516
ENEV15,32.9,-86.3,1363.690118,6.7539
ENEV16,32.7,-86.4,1299.819677,6.7528
ENEV18,43.5,-76.6,1147.483093,6.8059
ENEV19,41.2,-78.5,1206.203531,6.7869
ENEV26,55.5,-63.1,1219.584667,6.722
ENEV28,61.4,-57.7,1147.853563,6.7535
ENEV29,55.1,-63.5,1224.629875,6.7184
ENEV32,30.6,-90.5,1396.05281,6.8615
ENEV39,71.5,-47.1,1249.818461,6.7201
ENEVA0,50.4,-69.7,1090.233519,6.8034
ENEVB0,63.4,-56.0,1096.256994,6.7705
ENGI39,27.4,-98.2,1508.238686,7.1176
ENGIA1,100.4,-65.2,1479.43954,9.389
ENGIA4,24.9,-100.3,1337.259926,7.0969
ENGIA5,38.4,-81.6,1236.343373,6.8028
ENGIA6,29.1,-91.7,1177.821846,6.849
ENGIA9,36.7,-83.0,1116.181948,6.7885
ENGIB0,34.8,-84.0,1077.590096,6.7326
ENGIB2,57.8,-61.1,1073.188721,6.7421
ENGIB4,31.4,-87.6,1300.972154,6.7416
ENGIB6,37.2,-82.0,1170.543209,6.7526
ENGIB9,43.3,-76.1,1123.440824,6.7626
ENGIC0,66.4,-53.5,1070.678309,6.7956
ENJG21,52.3,-106.2,475.028163,8.9796
ENMI21,56.5,-102.6,540.166642,9.0154
ENMTA3,32.1,-94.2,1336.074307,7.1576
ENMTA4,34.7,-84.8,1237.799359,6.7712
ENMTA5,23.0,-97.0,1178.94868,6.7968
ENMTA7,37.2,-82.7,1068.106012,6.792
ENMTB3,29.6,-89.1,1301.577378,6.7265
ENMTB5,36.6,-82.5,1170.766174,6.7479
ENMTC5,60.9,-58.5,1068.521697,6.7679
ENMTC6,57.6,-58.9,1075.186231,6.602
ENMTD2,60.1,-59.2,1083.866508,6.7614
ENMTD5,68.1,-50.0,1067.379209,6.691
ENMTE6,51.3,-66.7,1068.259539,6.6867
ENSEA1,25.9,-99.5,1195.844164,7.105
ENSEB4,56.8,-62.0,1074.8149,6.7334
ENSEC4,62.2,-55.0,1071.760111,6.6414
ENTV12,31.9,-87.1,1392.491877,6.7458
ENTV13,65.7,-56.7,1124.628372,6.9333
EQMAA0,44.7,-76.3,1091.61657,6.8563
EQMAA2,83.3,-39.5,1074.227792,6.9586
EQPA18,67.0,-53.4,1130.776779,6.8197
EQPA19,66.5,-53.7,1048.47523,6.8159
EQSP11,44.4,-76.5,1012.560655,6.852
EQSP21,44.3,-76.6,924.294734,6.8531
EQTC11,64.2,-57.9,1233.852713,6.9206
EQTN11,45.0,-76.0,1015.02163,6.8574
EQTR11,65.1,-57.2,1233.310703,6.928
EQTR21,65.6,-56.7,1232.981283,6.9325
EQTS11,43.4,-77.4,1014.198073,6.8435
EQUA11,44.9,-76.1,1140.819017,6.8581
ERDV38,260.6,70.9,742.759542,10.7504
ERDVA4,76.9,-48.2,1074.164029,7.0905
ERDVB4,82.3,-42.5,1088.897144,7.0747
ERDVC3,89.2,-37.0,1116.502714,7.1531
ERDVC4,107.6,-18.5,1100.980151,7.1458
ESAM14,104.0,-25.8,837.125914,7.3589
ESCEA5,106.3,-19.9,1074.277987,7.1543
ESSDA4,52.1,-68.2,1069.00163,6.8179
ESSDA5,52.2,-65.9,1067.739814,6.6941
ESSDB5,65.6,-52.1,1069.064589,6.6705
ESULA6,36.0,-83.7,1237.301477,6.782
ETBA12,20.1,-99.4,1090.620372,6.7725
ETEN12,27.3,-98.3,1336.872991,7.1167
ETEN21,30.9,-95.2,1426.901084,7.1476
ETEN22,30.8,-88.1,1301.180531,6.7364
ETSP12,65.2,-57.1,1233.252131,6.9288
EUBE11,24.9,-93.1,868.142181,6.6876
EXTZ11,34.7,-92.0,665.809939,7.18
FBRI13,36.1,-82.9,1138.490394,6.743
FEPS11,228.9,81.7,1073.581326,8.3404
FGEN13,71.1,-61.1,653.693296,7.489
FLCLA9,46.9,-70.5,1070.933814,6.6487
FLCLB9,64.8,-52.8,1069.741347,6.6629
FRAG14,190.5,47.6,1065.067315,8.0952
FRAG16,232.7,85.3,1061.983761,8.3531
FURN21,21.5,-98.2,1344.332432,6.7842
GASC15,69.7,-53.3,1036.532327,6.9671
GASC16,79.2,-43.0,1052.899391,6.9238
GASC17,77.1,-44.4,1006.751167,6.8866
GASC18,75.8,-45.9,1105.976098,6.8947
GASC19,75.4,-43.8,1024.915818,6.753
GASC22,61.3,-62.2,1205.347571,6.9973
GASC23,64.8,-57.4,1187.44739,6.9261
GASC25,80.6,-41.5,1028.011082,6.9162
GASC26,85.8,-37.1,1049.443924,6.9603
GASC27,79.8,-42.1,1005.115339,6.9097
GASC28,75.2,-46.1,1119.333703,6.8703
GASP19,36.2,-83.5,1192.827369,6.7835
GASP29,58.5,-60.6,1139.752435,6.7474
GRRB24,351.9,182.6,13213.706322,9.5924
GSTS14,99.0,-29.4,1145.471575,7.278
GSTS24,130.4,0.5,1145.364805,7.3587
HARG11,72.5,-51.2,1160.63046,7.0108
HBSA11,104.6,-27.6,1218.812652,7.4905
HBSA21,132.9,-1.3,1189.475767,7.6059
HGLB23,386.4,214.8,1065.080893,9.7206
HVSP11,176.2,36.9,1264.426494,7.8924
HZTC14,139.7,5.2,1106.507432,7.6241
IBPB11,151.3,16.1,1159.214021,7.661
IGSN15,281.2,124.7,1070.243417,8.866
IRJS14,280.2,127.8,1277.039979,8.6318
IRJS15,282.9,130.1,1110.551998,8.6547
ISAEA8,20.7,-95.3,1089.672549,6.5706
ISAEA9,54.7,-61.4,1072.771664,6.5772
ISAEB0,40.0,-76.0,1039.270095,6.5714
ISAEB8,16.4,-98.9,1109.404372,6.534
ISAEC0,51.6,-64.0,1040.0305,6.5511
ITPE13,231.4,86.7,1102.14627,8.198
ITPO14,63.4,-58.9,1438.565363,6.9338
ITPO15,66.5,-55.9,1067.918435,6.9405
IVIAA0,118.0,-12.2,1061.18437,7.3783
JALL11,163.1,22.2,1161.44115,7.9882
JALL13,162.1,24.2,1136.273386,7.8146
JALL14,169.0,29.4,1103.21925,7.9129
JALL15,172.8,34.4,1024.26171,7.8437
JALL21,165.8,26.6,1135.512053,7.8852
JALL24,165.7,28.0,1105.15201,7.8028
JSMLB5,893.6,645.3,1079.544604,14.0719
JTEE11,19.8,-97.4,937.076413,6.6446
JTEE12,42.9,-73.8,1375.882093,6.6151
KLBNA5,40.1,-73.8,1033.215391,6.4533
LCAMD1,310.5,149.6,1182.322303,9.1153
LCAMD3,295.4,136.8,1146.449089,8.9854
LGEN11,41.2,-86.5,952.846895,7.2349
LIGH1B,,,,
LIGH2B,,,50.418935,
LIGHB4,,,73.406605,
LIGHB6,,,,
LIGHB7,,,73.406605,
LIGHC3,,,73.129599,
LIGHC4,,,50.700605,
LIGHC6,,,50.700605,
LIGHC7,,,50.700605,
LIGHD3,,,50.700605,
LIGHE2,,,51.263945,
LORTA7,315.7,154.0,1175.078048,9.1593
LTTE15,88.5,-37.7,1074.312675,7.1466
MEZ511,365.3,200.2,1147.766105,9.3551
MGPRA0,175.1,38.9,1056.816962,7.72
MGSP12,112.5,-16.9,1153.334051,7.3314
MOTVB9,47.7,-69.4,1032.619725,6.6367
MOVI18,709.6,488.9,1043.479072,12.5065
MOVI37,710.9,490.0,1106.791967,12.5191
MRSAA1,36.2,-81.7,1112.339677,6.683
MRSAA2,51.8,-66.2,1083.965505,6.6909
MRSAA3,29.0,-88.2,1056.026799,6.6411
MRSAB1,49.7,-68.1,1117.907464,6.6728
MRSAB2,48.4,-69.1,1087.127999,6.6621
MRSAB3,64.3,-53.2,1040.140883,6.6592
MRSAC1,58.2,-60.5,1117.562589,6.7258
MRSAC2,60.2,-58.8,1081.076957,6.7432
MSGT12,18.7,-100.6,860.769808,6.76
MSGT13,253.3,101.0,974.15017,8.6273
MSGT23,59.9,-59.4,1116.929832,6.7597
MSGT33,61.4,-57.8,1087.290319,6.7532
MVLV16,647.6,434.0,1653.204747,12.1064
NEOE16,25.4,-94.9,1386.552735,6.8177
NEOE26,28.8,-89.8,986.781855,6.7196
NMCH11,42.8,-76.5,1133.759471,6.7581
NNAE12,173.7,35.1,1338.964456,7.8514
NRTB11,102.2,-63.8,306.857276,9.4036
NRTB21,105.4,-61.1,364.357974,9.431
NTEN11,628.4,417.7,1034.441182,11.9432
NTSD19,72.3,-46.4,1021.635468,6.7271
ODYA11,146.7,8.2,900.697722,7.8483
OMGE12,96.2,-34.7,1320.72078,7.419
OMGE22,97.0,-34.0,1319.323712,7.4261
OMGE31,360.4,155.7,883.572177,11.5985
OMGE41,99.5,-36.9,1403.496075,7.7307
OMNG12,91.8,-38.4,736.851045,7.382
ORIG11,435.5,257.4,1030.070043,10.0966
ORIG12,423.0,246.7,1035.301223,9.99
PALF38,23.8,-101.3,1021.48924,7.0874
PALFA3,26.5,-90.3,1106.609876,6.6198
PALFA7,45.8,-71.4,1053.170182,6.6393
PALFB3,45.8,-71.4,1099.373094,6.6396
PALFB6,39.6,-78.8,1099.740206,6.7115
PASN12,196.6,50.6,635.884362,8.2723
PAXA12,298.7,143.6,1189.699369,8.7893
PEJA11,68.8,-55.8,1175.647708,7.0613
PEJA22,65.6,-56.8,1063.734147,6.9322
PEJA23,71.1,-52.1,1080.125524,6.9795
PETR17,2.9,-111.8,1319.557244,6.4995
PETR18,3.6,-107.2,1037.950795,6.2809
PETR26,-6.9,-120.1,1380.106548,6.416
PETR27,4.6,-106.4,1230.021073,6.2898
PETR28,10.1,-99.3,1071.656725,6.1981
PETR38,19.9,-89.2,1102.460544,6.1832
PLSB1A,128.9,-4.7,1176.753898,7.5705
POTE11,69.0,-51.6,1118.142308,6.8373
POTE12,64.0,-58.1,97.417655,6.9189
PRAS11,120.8,-11.6,960.210647,7.5027
PRPO12,141.9,6.4,964.221512,7.6811
PRSS11,214.0,71.6,1162.991557,8.069
PRTE12,110.4,-27.7,505.00622,7.8231
PTAZ11,152.8,19.9,1107.738233,7.5302
QMCT14,272.7,118.9,1064.420218,8.7122
QUAT13,191.7,48.7,1159.21467,8.1058
RAIZ13,,,482.680597,
RAIZ23,,,461.550112,
RALM11,173.3,39.4,1193.576902,7.5855
RALM21,174.2,40.2,1114.33183,7.5929
RATL11,54.0,-66.9,1212.829822,6.8538
RDOE18,12.5,-103.6,1081.176288,6.5827
RDVE11,35.8,-83.2,1163.821995,6.7408
RECV11,72.7,-52.5,1104.594302,7.0937
RENTD1,312.3,153.0,1149.023222,9.0296
RESA14,,,600.667067,
RESA15,,,595.558549,
RESA17,,,548.721526,
RESA27,,,529.299123,
RIGEA3,15.5,-103.3,1160.331902,6.7333
RIPR22,6.9,-108.4,1217.391033,6.5347
RIS412,160.8,23.1,10.818752,7.8036
RIS414,153.1,16.6,1.099336,7.7382
RIS422,172.7,36.9,10.807124,7.6995
RIS424,172.9,37.0,1.118858,7.7005
RISP12,140.3,5.7,10.89753,7.6294
RISP14,156.3,19.3,1.098015,7.7653
RISP22,169.5,34.1,10.830665,7.6716
RISP24,173.9,37.8,1.118115,7.7091
RLMS13,164.2,29.6,1066.470029,7.6268
RMSA12,212.5,70.3,1329.868935,8.0563
RPTA14,93.5,-33.1,1134.084426,7.1694
RRRP13,173.1,32.8,1160.929894,7.9474
RSAN16,116.6,-13.4,1075.771568,7.366
RSAN26,130.5,1.0,1106.826026,7.3405
RSAN34,83.7,-50.3,633.248929,7.5967
RSAN44,85.3,-41.8,888.865747,7.1996
RUMOA2,74.1,-53.5,1379.240169,7.2313
RUMOA3,59.3,-66.1,1336.265203,7.1055
RUMOA4,58.2,-64.8,1421.334264,6.9689
RUMOA5,65.3,-58.7,1198.908911,7.0315
RUMOA6,70.1,-54.7,1185.039817,7.0718
RUMOA7,55.8,-66.9,1075.232586,6.9487
RUMOB3,53.2,-71.3,1342.728729,7.0538
RUMOB5,75.0,-46.6,1100.872135,6.8876
RUMOB6,76.7,-45.1,1101.226892,6.9022
RUMOB7,70.9,-52.2,1082.753209,6.9777
SABP12,269.6,118.8,1192.726484,8.5417
SAELA1,33.0,-86.2,1191.101715,6.7552
SAELA3,33.5,-85.1,1078.077872,6.7215
SAELA7,57.2,-61.6,1064.740581,6.7369
SAELB3,67.8,-52.3,1069.665435,6.8077
SAELB7,65.8,-51.9,1068.913291,6.6722
SAPR10,46.7,-81.8,13848.747346,7.2817
SAPRA2,66.4,-57.8,1247.727393,7.0389
SAPRA3,27.8,-90.0,1227.446875,6.6728
SAPRB3,26.4,-90.4,1175.839092,6.6194
SAUC14,320.5,150.9,687.016573,9.6094
SAVI13,187.6,45.2,648.161084,8.0688
SBSPB6,16.9,-107.1,1393.439837,7.0288
SBSPC4,59.1,-100.4,1423.370845,9.0372
SBSPC6,15.8,-100.8,1370.726345,6.6092
SBSPD4,7.9,-109.8,1355.711037,6.6688
SBSPE3,30.2,-84.6,1125.989418,6.507
SBSPE9,23.7,-93.5,1169.30217,6.6377
SBSPF3,48.8,-66.4,1130.482436,6.5269
SBSPF9,36.6,-78.9,1140.091805,6.5422
SERI11,123.9,-7.5,1015.839179,7.4479
SMTO13,145.6,9.5,1197.634514,7.7124
SMTO14,107.4,-21.5,1127.315925,7.3077
SMTO15,105.4,-24.7,1172.669287,7.3702
SMTO24,125.8,-3.4,1102.788863,7.3197
SPRZ11,59.2,-66.2,798.639544,7.1046
SRNA11,147.4,12.8,1104.794345,7.6278
SRTI11,156.2,18.5,775.33526,7.802
STBP35,82.2,-42.7,1028.647167,7.0734
STBP45,116.4,-11.0,1011.607327,7.221
STRZ11,62.3,-59.9,1098.197145,6.9238
SUMI17,810.9,575.0,876.086301,13.369
SUMI18,800.2,565.9,914.366958,13.2782
SUMI19,910.3,660.1,882.743343,14.1739
SUMI37,778.9,549.2,842.720682,13.0152
SUZB19,8.8,-106.8,1107.480526,6.551
SUZB29,23.5,-92.6,1108.912645,6.5744
SUZBA0,40.7,-75.4,1109.37024,6.5769
SUZBC1,35.0,-80.5,1061.506731,6.5483
TAEB15,215.4,32.5,858.565151,10.366
TAEE17,36.5,-79.3,1552.916794,6.5607
TAEE18,15.2,-100.0,1180.438194,6.5235
TAEE26,40.7,-75.4,1308.546421,6.5772
TAEEA2,38.3,-77.8,1164.041373,6.5757
TAEEA4,30.5,-86.6,1092.081218,6.6344
TAEEA7,48.7,-68.6,1175.966527,6.6453
TAEEB0,65.8,-49.5,1011.193202,6.535
TAEEB2,13.1,-103.2,1159.672873,6.5857
TAEEB4,41.4,-75.1,1100.555143,6.602
TAEEB8,32.8,-82.4,1090.54289,6.529
TAEEC2,16.9,-99.2,1151.156291,6.5799
TAEEC4,40.7,-75.4,1115.654494,6.5773
TAEED2,42.1,-74.2,1130.56573,6.589
TBEG11,236.2,87.2,954.821133,8.4441
TBLE26,59.2,-100.3,542.14685,9.0384
TCII11,74.2,-49.5,1198.853512,7.0053
TEPA11,551.8,352.5,1128.503731,11.2914
TEPA12,566.2,367.0,1046.130476,11.2874
TEPA13,589.8,387.1,1080.185379,11.4898
TIET18,17.0,-102.0,832.029961,6.746
TIET29,16.8,-102.2,1412.678424,6.7446
TIET39,21.5,-98.2,1445.191258,6.7843
TIMS12,-10.8,-130.7,1263.997127,6.7933
TNHL11,68.6,-54.2,1182.013609,6.958
TOME12,431.7,245.4,711.592267,10.5543
TPEN11,28.6,-92.2,1107.561679,6.8442
TPNO12,44.8,-83.4,713.868345,7.2658
TPNO13,51.7,-66.3,1111.891682,6.6901
TRCC11,38.3,-83.9,1105.955228,6.9273
TRGO11,143.5,7.7,1068.995106,7.694
TRGP13,46.8,-72.7,1022.371842,6.7732
TRPLA4,23.2,-92.8,1114.505488,6.5722
TRPLA7,53.4,-62.5,1170.921667,6.5661
TRPLB4,48.1,-69.1,1116.4267,6.6402
TRPLB7,49.0,-68.3,1081.323509,6.648
TRRG12,31.8,-86.6,1085.612673,6.7065
TSSG21,18.1,-97.1,1084.956502,6.5289
TUPW21,260.6,108.6,1036.091763,8.6095
TVVH11,157.8,19.8,808.605617,7.8174
UHSM12,39.2,-77.0,1212.42141,6.5836
ULFT14,47.1,-70.2,1030.375654,6.6511
UNEG11,167.5,32.1,1183.975535,7.674
UNTE11,152.3,8.0,656.112777,8.1798
USAS11,201.8,50.0,649.080382,8.6002
USAS12,185.9,43.7,1046.241106,8.0562
USAS22,210.1,66.1,1044.364442,8.1606
USNA13,276.7,121.6,1033.090082,8.7886
UTPS11,156.4,11.4,734.238658,8.2143
UTPS12,156.8,11.8,704.784961,8.2182
UTPS21,187.7,46.7,1387.252332,7.9897
UTPS22,187.4,46.8,1239.61409,7.9676
VALE48,9.4,-108.5,978.352056,6.6813
VALEA0,21.3,-92.2,1079.212127,6.4311
VALEB0,29.3,-85.0,1079.165427,6.4807
VALEB1,-1.8,-114.4,1063.519339,6.3793
VALEC0,35.9,-77.4,1082.799997,6.4174
VALEC1,12.5,-99.7,1065.418809,6.3564
VALED1,18.9,-93.9,1069.419231,6.3915
VAMO33,783.0,551.3,1039.350086,13.1319
VAMO34,690.6,472.7,1080.764489,12.346
VBRR11,377.0,206.2,1177.219199,9.6788
VDBF12,165.5,26.4,1068.293328,7.8831
VERO12,375.3,202.5,1162.688778,9.7917
VERO13,402.5,227.9,1074.637821,9.8962
VERO24,416.6,239.8,1028.990673,10.0174
VERO25,421.1,244.3,992.491175,10.0157
VERO35,353.0,187.5,1018.574295,9.3754
VERO44,422.7,246.4,1028.089047,9.9873
VLIM13,21.0,-98.6,1204.602186,6.7802
VLIM14,19.6,-97.6,1135.142298,6.641
VLIM15,18.1,-98.2,1083.295423,6.5904
VLIM16,37.5,-80.6,1082.085305,6.6936
VLIM17,39.6,-78.9,1059.311255,6.7112
VLIM18,45.2,-71.9,1031.429201,6.6345
VLIM26,52.5,-65.7,1072.629022,6.6966
VLIM27,55.9,-62.4,1059.156989,6.7068
VLIM28,49.6,-67.8,1033.095631,6.6525
VPLT12,118.2,-21.0,299.262384,7.8901
VRDN12,189.5,46.8,1196.474491,8.0866
WDPR11,10.1,-112.9,811.402505,6.9707
WNTY12,251.8,101.2,1019.236543,8.5353
XNGU17,46.1,-74.4,1066.929413,6.8284
AEGPA8,,,1033.268876,15.7986
BTEL13,,,1086.544501,14.065
CEEBD1,,,1003.814865,12.1915
CEPEA6,,,1097.542607,12.2222
CEROA3,,,1090.967263,12.3051
EGIEA2,,,1033.533219,12.0821
EGIEA3,,,,
EGIEA4,,,1229.045526,11.9464
EGIEA5,,,1106.828407,12.3198
EGIEC1,,,1233.19594,11.6841
ELTN17,,,1067.721375,11.9398
ENAT23,,,1028.430783,13.4437
ENAT32,,,1069.833203,13.5788
ENERB6,,,1095.366594,12.2005
ENMTC4,,,1093.340317,12.2486
ORIG21,,,973.510622,15.4756
ORIG22,,,,
PEJA12,,,,
PEJA13,,,1002.899507,12.48
TEPA23,,,1250.437594,15.6968
VERO15,,,1046.589975,14.1751
VERO23,,,1004.596355,14.6155
